../data/test_data210_files/tsubaki.jpg	tsubaki	1
../data/test_data210_files/tsubaki.jpg	jpg	1
../data/test_data210_files/tsubaki.jpg	.	1
../data/test_data210_files/naka.jpg	naka	1
../data/test_data210_files/naka.jpg	psd	1
../data/test_data210_files/naka.jpg	.	1
../data/test_data210_files/jingu_logomark.jpg	jingu	1
../data/test_data210_files/jingu_logomark.jpg	jpg	1
../data/test_data210_files/jingu_logomark.jpg	.	1
../data/test_data210_files/jingu_logomark.jpg	_	1
../data/test_data210_files/jingu_logomark.jpg	logomark	1
../data/test_data210_files/prettyE58699E79C9FE99B862.jpg	プリティパッケージ	1
../data/test_data210_files/nakasone.jpg	jpg	1
../data/test_data210_files/nakasone.jpg	nakasone	1
../data/test_data210_files/nakasone.jpg	.	1
../data/test_data210_files/happy_g_p_wa.jpg	g	1
../data/test_data210_files/happy_g_p_wa.jpg	wa	1
../data/test_data210_files/happy_g_p_wa.jpg	psd	1
../data/test_data210_files/happy_g_p_wa.jpg	.	1
../data/test_data210_files/happy_g_p_wa.jpg	p	1
../data/test_data210_files/happy_g_p_wa.jpg	_	3
../data/test_data210_files/happy_g_p_wa.jpg	happy	1
../data/test_data210_files/yagi.jpg	jpg	1
../data/test_data210_files/yagi.jpg	yagi	1
../data/test_data210_files/yagi.jpg	.	1
../data/test_data210_files/hanashiro.jpg	hanashiro	1
../data/test_data210_files/hanashiro.jpg	psd	1
../data/test_data210_files/hanashiro.jpg	.	1
../data/test_data210_files/Square_wht_Up.png	Top	1
../data/test_data210_files/Square_wht_Up.png	LinkIcon	1
../data/test_data210_files/Square_wht_Up.png	studio	1
../data/test_data210_files/studio20logo2.jpg	psd	1
../data/test_data210_files/studio20logo2.jpg	.	1
../data/test_data210_files/studio20logo2.jpg	2	1
../data/test_data210_files/studio20logo2.jpg	studio	1
../data/test_data210_files/studio20logo2.jpg	logo	1
../data/test_data210_files/motoyama.jpg	motoyama	1
../data/test_data210_files/motoyama.jpg	psd	1
../data/test_data210_files/motoyama.jpg	.	1
../data/test_data210_files/tamaki.jpg	tamaki	1
../data/test_data210_files/tamaki.jpg	jpg	1
../data/test_data210_files/tamaki.jpg	.	1
../data/test_data210_files/ishihara.jpg	.	1
../data/test_data210_files/ishihara.jpg	jpg	1
../data/test_data210_files/ishihara.jpg	ishihara	1
../data/test_data210_files/maeda2.jpg	.	1
../data/test_data210_files/maeda2.jpg	2	1
../data/test_data210_files/maeda2.jpg	jpg	1
../data/test_data210_files/maeda2.jpg	maeda	1
../data/test_data210_files/senaga.jpg	senaga	1
../data/test_data210_files/senaga.jpg	psd	1
../data/test_data210_files/senaga.jpg	.	1
../data/test_data210_files/VP8H8253.jpg	七	1
../data/test_data210_files/VP8H8253.jpg	五	1
../data/test_data210_files/VP8H8253.jpg	三	1
../data/test_data210_files/VP8H8253.jpg	宮参り	1
